{
  "frames": [
    {
      "filename": "stars_5.png",
      "frame": {
        "x": 0,
        "y": 0,
        "w": 62,
        "h": 63
      },
      "rotated": false,
      "trimmed": true,
      "spriteSourceSize": {
        "x": 0,
        "y": 1,
        "w": 62,
        "h": 63
      },
      "sourceSize": {
        "w": 64,
        "h": 64
      },
      "pivot": {
        "x": 0.5,
        "y": 0.5
      }
    },
    {
      "filename": "stars_4.png",
      "frame": {
        "x": 0,
        "y": 63,
        "w": 62,
        "h": 61
      },
      "rotated": false,
      "trimmed": true,
      "spriteSourceSize": {
        "x": 0,
        "y": 3,
        "w": 62,
        "h": 61
      },
      "sourceSize": {
        "w": 64,
        "h": 64
      },
      "pivot": {
        "x": 0.5,
        "y": 0.5
      }
    },
    {
      "filename": "stars_3.png",
      "frame": {
        "x": 62,
        "y": 0,
        "w": 52,
        "h": 53
      },
      "rotated": false,
      "trimmed": true,
      "spriteSourceSize": {
        "x": 4,
        "y": 8,
        "w": 52,
        "h": 53
      },
      "sourceSize": {
        "w": 64,
        "h": 64
      },
      "pivot": {
        "x": 0.5,
        "y": 0.5
      }
    },
    {
      "filename": "stars_2.png",
      "frame": {
        "x": 62,
        "y": 53,
        "w": 46,
        "h": 47
      },
      "rotated": false,
      "trimmed": true,
      "spriteSourceSize": {
        "x": 8,
        "y": 11,
        "w": 46,
        "h": 47
      },
      "sourceSize": {
        "w": 64,
        "h": 64
      },
      "pivot": {
        "x": 0.5,
        "y": 0.5
      }
    },
    {
      "filename": "stars_1.png",
      "frame": {
        "x": 62,
        "y": 100,
        "w": 42,
        "h": 34
      },
      "rotated": false,
      "trimmed": true,
      "spriteSourceSize": {
        "x": 9,
        "y": 15,
        "w": 42,
        "h": 34
      },
      "sourceSize": {
        "w": 64,
        "h": 64
      },
      "pivot": {
        "x": 0.5,
        "y": 0.5
      }
    },
    {
      "filename": "blue_egg.png",
      "frame": {
        "x": 0,
        "y": 124,
        "w": 28,
        "h": 28
      },
      "rotated": false,
      "trimmed": true,
      "spriteSourceSize": {
        "x": 18,
        "y": 18,
        "w": 28,
        "h": 28
      },
      "sourceSize": {
        "w": 64,
        "h": 64
      },
      "pivot": {
        "x": 0.5,
        "y": 0.5
      }
    },
    {
      "filename": "egg.png",
      "frame": {
        "x": 28,
        "y": 124,
        "w": 25,
        "h": 25
      },
      "rotated": false,
      "trimmed": false,
      "spriteSourceSize": {
        "x": 0,
        "y": 0,
        "w": 25,
        "h": 25
      },
      "sourceSize": {
        "w": 25,
        "h": 25
      },
      "pivot": {
        "x": 0.5,
        "y": 0.5
      }
    }
  ],
  "meta": {
    "app": "http://free-tex-packer.com",
    "version": "0.6.7",
    "image": "egg.png",
    "format": "RGBA8888",
    "size": {
      "w": 114,
      "h": 152
    },
    "scale": 1
  }
}